몬스터 이름,공격 속성,Column 8,약점 속성 1,약점 속성 2,Column 9,공격 유형(통상),"공격 유형(분노, 특수1)","공격 유형(탈진, 특수2)",공격 유형(?),끝
아프토노스,무속성,,불속성,불속성,,파워,,,,
즈와로포스,무속성,,번개속성,얼음속성,,파워,,,,
브나하브라,무속성,,불속성,물속성,,테크닉,,,,
대뇌광충,번개속성,,물속성,얼음속성,,스피드,,,,
대식룡충,용속성,,번개속성,물속성,,스피드,,,,
나무통 아이루,무속성,,,,,스피드,,,,
대형나무통 아이루,무속성,,,,,스피드,,,,
가브라스,무속성,,용속성,물속성,,테크닉,,,,
가구아,무속성,,불속성,물속성,,스피드,,,,
람포스,무속성,,얼음속성,불속성,,스피드,,,,
도스람포스,무속성,,얼음속성,불속성,,스피드,파워,,,
흉이 도스람포스,무속성,,물속성,얼음속성,,스피드,파워,,,
진종 도스람포스,무속성,,얼음속성,불속성,,스피드,파워,,,
이즈치,무속성,,번개속성,물속성,,스피드,,,,
오사이즈치,무속성,,번개속성,물속성,,스피드,파워,,,
흉이 오사이즈치,무속성,,번개속성,얼음속성,,스피드,파워,,,
쿠루루야크,무속성,,물속성,얼음속성,,테크닉,파워,,,
얀쿡크,불속성,,얼음속성,번개속성,,테크닉,스피드,,,
얀쿡크 아종,불속성,,물속성,번개속성,,테크닉,스피드,,,
흉이 얀쿡크,불속성,,얼음속성,번개속성,,테크닉,스피드,,,
게리오스,무속성,,불속성,얼음속성,,파워,테크닉,,,
게리오스 아종,무속성,,불속성,얼음속성,,파워,테크닉,,,
흉이 게리오스,무속성,,불속성,얼음속성,,파워,테크닉,,,
아케노시름,불속성,,물속성,번개속성,,테크닉,파워,,,
흉이 아케노시름,불속성,,번개속성,물속성,,테크닉,파워,,,
푸케푸케,무속성,,번개속성,얼음속성,,테크닉,스피드,파워,,
얀가루루가,불속성,,물속성,얼음속성,,테크닉,파워,,,
침수 얀가루루가,불속성,,물속성,용속성,,테크닉,파워,파워,,
아오아시라,무속성,,불속성,얼음속성,,파워,테크닉,,,
침수 아오아시라,무속성,,불속성,얼음속성,,파워,스피드,테크닉,,
비슈텐고,무속성,,얼음속성,불속성,,테크닉,스피드,,,
비슈텐고 아종,불속성,,물속성,번개속성,,스피드,파워,,,
흉이 비슈텐고,번개속성,,얼음속성,불속성,,테크닉,스피드,,,
블랑고,얼음속성,,불속성,,,파워,,,,
도도블랑고,얼음속성,,불속성,번개속성,,파워,스피드,,,
흉이 도도블랑고,번개속성,,불속성,물속성,,파워,스피드,,,
가란고르무,무속성,,번개속성,얼음속성,,파워,스피드,테크닉,,
아자라칸,불속성,,물속성,얼음속성,,테크닉,파워,,,
흉이 아자라칸,불속성,,얼음속성,물속성,,테크닉,파워,,,
고샤하기,얼음속성,,불속성,번개속성,,파워,테크닉,스피드,,
차타카브라,무속성,,번개속성,얼음속성,,파워,테크닉,,,
흉이 차타카브라,번개속성,,얼음속성,물속성,,파워,테크닉,,,
요츠미와두,물속성,,번개속성,불속성,,파워,테크닉,,,
흉이 요츠미와두,물속성,,번개속성,,,파워,테크닉,,,
가미자미,물속성,,번개속성,불속성,,파워,,,,
쇼군기자미,물속성,,번개속성,불속성,,스피드,파워,테크닉,,
침수 쇼군기자미,물속성,,번개속성,얼음속성,,파워,테크닉,스피드,,
네르스큐라,무속성,,불속성,번개속성,,테크닉,스피드,,,
네르스큐라 아종,무속성,,불속성,얼음속성,,테크닉,스피드,,,
흉이 네르스큐라,불속성,,물속성,얼음속성,,테크닉,스피드,,,
침수 네르스큐라,무속성,,불속성,번개속성,,테크닉,파워,스피드,,
츠케히바키,불속성,,얼음속성,물속성,,테크닉,,,,
야츠카다키,불속성,,얼음속성,물속성,,테크닉,스피드,테크닉,,
흉이 야츠카다키,불속성,,얼음속성,물속성,,테크닉,스피드,테크닉,,
볼보로스,무속성,,불속성,얼음속성,,스피드,테크닉,,,
볼보로스 아종,얼음속성,,불속성,번개속성,,파워,테크닉,,,
흉이 볼보로스,물속성,,불속성,얼음속성,,스피드,테크닉,,,
안쟈나프,불속성,,물속성,얼음속성,,파워,테크닉,,,
안쟈나프 아종,번개속성,,얼음속성,물속성,,파워,스피드,스피드,,
디노발드,불속성,,물속성,얼음속성,,스피드,테크닉,파워,,
강화룡 디노발드,불속성,,물속성,용속성,,스피드,테크닉,파워,,
흉이 디노발드,얼음속성,,물속성,용속성,,스피드,테크닉,,,
브라키디오스,무속성,,물속성,얼음속성,,파워,스피드,파워,,
흉이 브라키디오스,용속성,,번개속성,물속성,,파워,스피드,파워,,
이블조,용속성,,번개속성,용속성,,파워,스피드,파워,,
흉이 이블조,용속성,,물속성,얼음속성,,파워,스피드,,,
가레오스,물속성,,번개속성,불속성,,파워,,,,
가노토도스,물속성,,번개속성,불속성,,스피드,파워,,,
가노토도스 아종,물속성,,번개속성,불속성,,스피드,파워,,,
침수 가노토도스,물속성,,불속성,번개속성,,테크닉,파워,테크닉,,
루드로스,물속성,,불속성,번개속성,,파워,,,,
로아루드로스,물속성,,불속성,번개속성,,파워,테크닉,,,
로아루드로스 아종,물속성,,불속성,번개속성,,파워,테크닉,,,
하플보카,물속성,,얼음속성,번개속성,,테크닉,스피드,스피드,,
이소네미쿠니,물속성,,번개속성,불속성,,테크닉,스피드,스피드,,
이소네미쿠니 아종,얼음속성,,불속성,번개속성,,테크닉,스피드,,,
흉이 이소네미쿠니,무속성,,얼음속성,불속성,,테크닉,스피드,,,
라기아크루스,번개속성,,불속성,용속성,,파워,스피드,테크닉,,
라기아크루스 아종,번개속성,,용속성,불속성,,스피드,파워,테크닉,,
타마미츠네,물속성,,번개속성,용속성,,테크닉,스피드,스피드,,
오로미도로,물속성,,불속성,얼음속성,,파워,테크닉,스피드,,
토비카가치,번개속성,,물속성,불속성,,스피드,테크닉,,,
흉이 토비카가치,번개속성,,불속성,물속성,,스피드,테크닉,,,
오도가론,무속성,,얼음속성,번개속성,,스피드,파워,스피드,,
오도가론 아종,용속성,,불속성,물속성,,스피드,파워,스피드,,
침수 오도가론,무속성,,얼음속성,번개속성,,스피드,테크닉,파워,,
진오우거,번개속성,,얼음속성,물속성,,스피드,테크닉,파워,,
진오우거 아종,용속성,,번개속성,물속성,,테크닉,스피드,파워,,
루나가론,얼음속성,,불속성,무속성,,스피드,파워,,,
마가이마가도,무속성,,물속성,번개속성,,스피드,파워,테크닉,,
흉이 마가이마가도,불속성,,물속성,,,스피드,파워,테크닉,,
파오우르무,무속성,,불속성,번개속성,,테크닉,스피드,,,
흉이 파오우르무,번개속성,,불속성,,,테크닉,스피드,,,
푸르푸르,번개속성,,불속성,,,테크닉,파워,,,
푸르푸르 아종,번개속성,,물속성,,,테크닉,파워,,,
침수 푸르푸르,번개속성,,불속성,,,테크닉,파워,,,
리오레이아,불속성,,용속성,번개속성,,스피드,파워,,,
리오레이아 아종,불속성,,용속성,번개속성,,스피드,파워,,,
레이기에나,얼음속성,,번개속성,불속성,,스피드,파워,테크닉,,
흉이 레이기에나,얼음속성,,번개속성,불속성,,스피드,파워,테크닉,,
벨리오로스,얼음속성,,불속성,번개속성,,테크닉,스피드,,,
벨리오로스 아종,무속성,,얼음속성,번개속성,,테크닉,스피드,,,
나르가쿠르가,불속성,,번개속성,불속성,,스피드,테크닉,,,
나르가쿠르가 아종,무속성,,번개속성,불속성,,스피드,파워,,,
라이젝스,번개속성,,얼음속성,물속성,,스피드,파워,,,
리오레우스,불속성,,용속성,번개속성,,파워,테크닉,스피드,,
리오레우스 아종,불속성,,용속성,얼음속성,,파워,테크닉,스피드,,
티가렉스,무속성,,번개속성,용속성,,스피드,파워,,,
티가렉스 아종,무속성,,물속성,번개속성,,파워,스피드,,,
그라비모스,불속성,,번개속성,용속성,,파워,테크닉,,,
그라비모스 아종,불속성,,번개속성,용속성,,파워,테크닉,,,
흉이 그라비모스,불속성,,번개속성,용속성,,파워,테크닉,,,
디아블로스,무속성,,얼음속성,물속성,,파워,스피드,스피드,,
디아블로스 아종,무속성,,얼음속성,물속성,,파워,스피드,스피드,,
침수 디아블로스,무속성,,얼음속성,물속성,,파워,스피드,파워,,
셀레기오스,무속성,,번개속성,얼음속성,,테크닉,스피드,,,
진종 셀레기오스,무속성,,번개속성,얼음속성,,스피드,테크닉,,,
침수 셀레기오스,무속성,,번개속성,얼음속성,,테크닉,스피드,파워,,
에스피나스,불속성,,얼음속성,용속성,,파워,스피드,,,
흉이 에스피나스,불속성,,얼음속성,용속성,,파워,스피드,,,
레 다우,번개속성,,얼음속성,물속성,,스피드,파워,,,
알슈베르도,용속성,,용속성,불속성,,테크닉,파워,,,
야마츠카미,무속성,,용속성,얼음속성,,파워,스피드,,,
야마츠카미 (흉이),무속성,,용속성,얼음속성,,파워,스피드,,,
네로미에르,물속성,,불속성,용속성,,테크닉,스피드,파워,,
이베르카나,얼음속성,,불속성,용속성,,테크닉,스피드,파워,,
이부시마키히코,용속성,,불속성,용속성,,파워,스피드,파워,,
나루하타타히메,번개속성,,얼음속성,용속성,,테크닉,스피드,테크닉,,
멜 제나,용속성,,용속성,불속성,,스피드,테크닉,스피드,,
초용화 리오레우스 아종,불속성,,용속성,얼음속성,,파워,스피드,테크닉,,
초용화 루나가론,얼음속성,,불속성,번개속성,,스피드,파워,테크닉,,
아엔 신,용속성,,용속성,불속성,,테크닉,파워,파워,,
