중복 검사,순번,몬스터 이름,Column 70,랭크,Column 69,총합,1열,체력,공격력,방어력,2열,회심,스피드,스테 회복,초기 스테,3열,2빙고,3빙고,5빙고,4열,초기 스테,보너스,총합 스테,5열,스테 회복,보너스,총합 회복,6열,회심률,보너스,총합 회심,7열,스피드,보너스,총합 스피드,8열,파룡력,보너스,총합 파룡력,9열,타입,속성,비행,등반,수영,땅 파기,Column 46,S기술,Column 68,그룹,무속성,불속성,물속성,번개속성,얼음속성,용속성,Column 67,드랍 패시브 1,드랍 패시브 2,드랍 패시브 3,드랍 패시브 4,드랍 패시브 5,드랍 패시브 6,드랍 패시브 7,드랍 패시브 8,드랍 패시브 9,드랍 패시브 10,드랍 패시브 11,드랍 패시브 12,드랍 패시브 13,드랍 패시브 14,드랍 패시브 15,드랍 패시브 16,드랍 패시브 17,드랍 패시브 18,끝
안전,1,레우스,,5,,39,,6,7,5,,1,6,7,7,,파룡력,초기 스테,회심률,,50,10,60,,8,0,8,,0,7,7,,11,0,11,,44,5,49,,파워,불속성,O,X,X,X,,?,,?,,,,,,,,,,,,,,,,,,,,,,,,,,
안전,2,도스람포스,,1,,36,,3,6,3,,1,9,10,4,,스피드,스테 회복,초기 스테,,30,15,45,,12,3,15,,0,0,0,,14,1,15,,48,0,48,,스피드,무속성,X,X,X,X,,래피드 팽+,,그룹 1,원형 태세,양염,물결 일으키기,충전,빙박격,용문,,무속성 공격력 강화,추격 강화,무속성 방어력 강화,내독,내어둠,상태 이상 강화,속성 특공-부위,둥지 수호자,,,,,,,,,,,
안전,3,오사이즈치,,1,,38,,3,5,3,,6,7,7,7,,스피드,스테 회복,초기 스테,,50,15,65,,8,3,11,,10,0,10,,12,1,13,,48,0,48,,스피드,무속성,X,X,X,X,,연속 칼날꼬리+,,그룹 1,원형 태세,양염,물결 일으키기,충전,빙박격,용문,,체력 증강,무속성 공격력 강화,추격 강화,무속성 방어력 강화,내어둠,상태 이상 강화,동료,번개속성 방어력 강화,,,,,,,,,,,
안전,4,쿠루루야크,,2,,37,,4,5,5,,1,8,10,4,,회심률,스테 회복,초기 스테,,30,15,45,,12,3,15,,0,3,3,,13,0,13,,52,0,52,,테크닉,무속성,X,X,X,X,,록 스탬피드+,,그룹 1,원형 태세,양염,물결 일으키기,충전,빙박격,용문,,체력 증강,무속성 공격력 강화,추격 강화,영혼의 인연,무속성 방어력 강화,내어둠,상태 이상 강화,정령의 가호,,,,,,,,,,,
안전,5,얀쿡크,,2,,33,,3,4,5,,1,6,10,4,,회심률,초기 스테,스피드,,30,10,40,,12,0,12,,0,3,3,,11,3,14,,56,0,56,,테크닉,불속성,O,X,X,X,,언스토퍼블+,,그룹 1,원형 태세,양염,물결 일으키기,충전,빙박격,용문,,불속성 공격력 강화,내폭파 피해,내화상,불속성 방어력 강화,KO술,존재감,인연 기술 강화,,,,,,,,,,,,
안전,6,얀쿡크 아종,,3,,33,,4,5,3,,1,6,7,7,,회심률,초기 스테,스피드,,50,10,60,,8,0,8,,0,3,3,,11,3,14,,52,0,52,,테크닉,불속성,O,X,X,X,,맥스 태클+,,그룹 1,원형 태세,양염,물결 일으키기,충전,빙박격,용문,,불속성 공격력 강화,내폭파 피해,내화상,불속성 방어력 강화,KO술,존재감,인연 기술 강화,,,,,,,,,,,,
안전,7,게리오스,,2,,35,,5,4,6,,1,5,10,4,,파룡력,스테 회복,초기 스테,,30,15,45,,12,3,15,,0,0,0,,10,0,10,,56,5,61,,파워,무속성,O,X,X,X,,빈틈 노리기+,,그룹 1,원형 태세,양염,물결 일으키기,충전,빙박격,용문,,무속성 공격력 강화,추격 강화,무속성 방어력 강화,내독,내어둠,상태 이상 강화,속성 특공-부위,둥지 수호자,,,,,,,,,,,
안전,8,게리오스 아종,,3,,34,,5,5,4,,1,5,7,7,,파룡력,스테 회복,초기 스테,,50,15,65,,8,3,11,,0,0,0,,10,0,10,,52,5,57,,파워,무속성,O,X,X,X,,맹독액+,,그룹 1,원형 태세,양염,물결 일으키기,충전,빙박격,용문,,무속성 공격력 강화,추격 강화,무속성 방어력 강화,내독,내어둠,상태 이상 강화,속성 특공-부위,둥지 수호자,,,,,,,,,,,
안전,9,아케노시름,,3,,37,,5,6,5,,1,6,7,7,,회심률,초기 스테,스테 회복,,50,10,60,,8,4,12,,0,3,3,,11,0,11,,48,0,48,,테크닉,불속성,O,X,X,X,,외발 차올리기+,,그룹 1,원형 태세,양염,물결 일으키기,충전,빙박격,용문,,불속성 공격력 강화,내폭파 피해,내화상,자기 회복,불속성 방어력 강화,KO술,전력,,,,,,,,,,,,
안전,10,푸케푸케,,3,,35,,5,4,5,,1,6,7,7,,회심률,스테 회복,초기 스테,,50,15,65,,8,3,11,,0,3,3,,11,0,11,,56,0,56,,테크닉,무속성,O,X,X,X,,베놈 블래스트+,,그룹 1,원형 태세,양염,물결 일으키기,충전,빙박격,용문,,체력 증강,무속성 공격력 강화,추격 강화,무속성 방어력 강화,내어둠,상태 이상 강화,동료,번개속성 방어력 강화,내즉사,,,,,,,,,,
안전,11,얀가루루가,,4,,42,,4,6,5,,6,7,7,7,,회심률,초기 스테,파룡력,,50,10,60,,8,0,8,,10,3,13,,12,0,12,,44,15,59,,테크닉,불속성,O,X,X,X,,포이즌 테일+,,그룹 2,기력충만,다홍의 수련,명경지수,뇌명무장,쇄빙의 형태,아룡점정,,불속성 공격력 강화,내폭파 피해,내화상,자기 회복,불속성 방어력 강화,KO술,전력,,,,,,,,,,,,
안전,12,척안 얀가루루가,,7,,44,,6,8,3,,6,7,7,7,,스피드,초기 스테,회심률,,50,10,60,,8,0,8,,10,7,17,,12,1,13,,36,0,36,,스피드,불속성,O,X,X,X,,교활한 일격+,,그룹 5,태양의 포효,왕의 심판,달의 포효,분노한 힘,백설 두르기,고룡의 위압,,불속성 공격력 강화,내폭파 피해,내화상,자기 회복,불속성 방어력 강화,KO술,전력,,,,,,,,,,,,
안전,13,아오아시라,,2,,33,,5,4,4,,1,5,7,7,,파룡력,스테 회복,초기 스테,,50,15,65,,8,3,11,,0,0,0,,10,0,10,,52,5,57,,파워,무속성,X,X,X,X,,맥스 베어 클로+,,그룹 1,원형 태세,양염,물결 일으키기,충전,빙박격,용문,,체력 증강,무속성 공격력 강화,추격 강화,무속성 방어력 강화,내어둠,상태 이상 강화,동료,번개속성 방어력 강화,내즉사,,,,,,,,,,
안전,14,비슈텐고,,3,,37,,5,6,4,,1,7,10,4,,회심률,스테 회복,초기 스테,,30,15,45,,12,3,15,,0,3,3,,12,0,12,,48,0,48,,테크닉,무속성,O,O,X,X,,감난무+,,그룹 1,원형 태세,양염,물결 일으키기,충전,빙박격,용문,,체력 증강,무속성 공격력 강화,추격 강화,무속성 방어력 강화,내어둠,상태 이상 강화,동료,번개속성 방어력 강화,내즉사,,,,,,,,,,
안전,15,비슈텐고 아종,,4,,37,,5,7,3,,1,7,7,7,,스피드,초기 스테,회심률,,50,10,60,,8,0,8,,0,7,7,,12,1,13,,44,0,44,,스피드,불속성,O,O,X,X,,대팽이 회천염무+,,그룹 2,기력충만,다홍의 수련,명경지수,뇌명무장,쇄빙의 형태,아룡점정,,불속성 공격력 강화,내폭파 피해,내화상,보머,자기 회복,불속성 방어력 강화,,,,,,,,,,,,,
안전,16,도도블랑고,,3,,36,,6,6,4,,1,5,7,7,,파룡력,초기 스테,스테 회복,,50,10,60,,8,4,12,,0,0,0,,10,0,10,,48,5,53,,파워,얼음속성,X,O,X,X,,스노우볼 어택+,,그룹 1,원형 태세,양염,물결 일으키기,충전,빙박격,용문,,얼음속성 공격력 강화,내스킬 봉인,인연 기술 강화,속성 특공-파룡,얼음속성 방어력 강화,정면승부사,위기감,둥지 수호자,,,,,,,,,,,
안전,17,가란고르무,,4,,39,,7,5,8,,1,4,7,7,,파룡력,스테 회복,초기 스테,,50,15,65,,8,3,11,,0,0,0,,9,0,9,,52,5,57,,파워,무속성,X,O,X,X,,스팀 브레이크+,,그룹 2,기력충만,다홍의 수련,명경지수,뇌명무장,쇄빙의 형태,아룡점정,,체력 증강,무속성 공격력 강화,추격 강화,무속성 방어력 강화,내어둠,상태 이상 강화,동료,번개속성 방어력 강화,내즉사,,,,,,,,,,
안전,18,아자라칸,,5,,42,,7,7,3,,6,5,4,10,,파룡력,초기 스테,회심률,,70,10,80,,4,0,4,,10,7,17,,10,0,10,,40,5,45,,테크닉,불속성,X,O,X,X,,마그마 받아치기+,,그룹 3,대자연의 치유,염진,격류의 강,자전일섬,무빙의 질풍,용굉격,,불속성 공격력 강화,내폭파 피해,내화상,보머,자기 회복,불속성 방어력 강화,,,,,,,,,,,,,
안전,19,고샤하기,,5,,37,,7,8,3,,1,4,4,10,,파룡력,회심률,스테 회복,,70,0,70,,4,4,8,,0,5,5,,9,0,9,,40,5,45,,파워,얼음속성,X,X,X,X,,빙참의 일섬+,,그룹 3,대자연의 치유,염진,격류의 강,자전일섬,무빙의 질풍,용굉격,,얼음속성 공격력 강화,내스킬 봉인,인연 기술 강화,속성 특공-파룡,얼음속성 방어력 강화,정면승부사,위기감,둥지 수호자,,,,,,,,,,,
안전,20,가루크,,5,,37,,4,5,4,,1,9,10,4,,스피드,스테 회복,초기 스테,,30,15,45,,12,3,15,,0,0,0,,14,1,15,,52,0,52,,스피드,무속성,X,O,X,O,,연격술+,,그룹 3,대자연의 치유,염진,격류의 강,자전일섬,무빙의 질풍,용굉격,,체력 증강,무속성 공격력 강화,추격 강화,무속성 방어력 강화,내어둠,상태 이상 강화,동료,번개속성 방어력 강화,내즉사,,,,,,,,,,
안전,21,차타카브라,,1,,32,,5,4,4,,1,4,4,10,,파룡력,스테 회복,초기 스테,,70,15,85,,4,3,7,,0,0,0,,9,0,9,,56,5,61,,파워,무속성,X,X,X,X,,차타카 스톰프+,,그룹 1,원형 태세,양염,물결 일으키기,충전,빙박격,용문,,무속성 공격력 강화,추격 강화,무속성 방어력 강화,내독,내어둠,상태 이상 강화,속성 특공-부위,둥지 수호자,,,,,,,,,,,
안전,22,요츠미와두,,3,,36,,7,7,3,,1,4,7,7,,파룡력,스피드,스테 회복,,50,0,50,,8,4,12,,0,0,0,,9,2,11,,44,5,49,,파워,물속성,X,X,X,X,,백관 떨어트리기+,,그룹 1,원형 태세,양염,물결 일으키기,충전,빙박격,용문,,물속성 공격력 강화,회피 본능,댄서,가속,물속성 방어력 강화,내수면,,,,,,,,,,,,,
안전,23,쇼군기자미,,3,,43,,4,5,6,,6,8,7,7,,스피드,초기 스테,스테 회복,,50,10,60,,8,4,12,,10,0,10,,13,1,14,,48,0,48,,스피드,물속성,X,X,X,O,,데스사이즈+,,그룹 1,원형 태세,양염,물결 일으키기,충전,빙박격,용문,,재난대처능력,물속성 공격력 강화,회피 성능,댄서,물속성 방어력 강화,내수면,,,,,,,,,,,,,
안전,24,네르스큐라,,3,,33,,4,4,5,,1,5,7,7,,회심률,스테 회복,초기 스테,,50,15,65,,8,3,11,,0,3,3,,10,0,10,,56,0,56,,테크닉,무속성,X,O,X,X,,슬리프 니들+,,그룹 1,원형 태세,양염,물결 일으키기,충전,빙박격,용문,,무속성 공격력 강화,추격 강화,무속성 방어력 강화,내독,내어둠,상태 이상 강화,속성 특공-부위,,,,,,,,,,,,
안전,25,네르스큐라 아종,,4,,34,,5,6,3,,1,5,7,7,,회심률,스테 회복,초기 스테,,50,15,65,,8,3,11,,0,3,3,,10,0,10,,48,0,48,,테크닉,무속성,X,O,X,X,,포이즌 니들+,,그룹 2,기력충만,다홍의 수련,명경지수,뇌명무장,쇄빙의 형태,아룡점정,,체력 증강,무속성 공격력 강화,추격 강화,영혼의 인연,무속성 방어력 강화,내어둠,상태 이상 강화,정령의 가호,,,,,,,,,,,
안전,26,야츠카다키,,5,,44,,8,6,4,,6,6,7,7,,회심률,초기 스테,스피드,,50,10,60,,8,0,8,,10,3,13,,11,3,14,,44,0,44,,테크닉,불속성,X,X,X,X,,염무답회+,,그룹 3,대자연의 치유,염진,격류의 강,자전일섬,무빙의 질풍,용굉격,,불속성 공격력 강화,내폭파 피해,내화상,보머,자기 회복,불속성 방어력 강화,,,,,,,,,,,,,
안전,27,볼보로스,,3,,38,,5,4,8,,1,6,7,7,,파룡력,스테 회복,초기 스테,,50,15,65,,8,3,11,,0,0,0,,11,0,11,,56,5,61,,스피드,무속성,X,X,X,O,,진흙 갑옷+,,그룹 1,원형 태세,양염,물결 일으키기,충전,빙박격,용문,,체력 증강,무속성 공격력 강화,추격 강화,영혼의 인연,무속성 방어력 강화,내어둠,상태 이상 강화,정령의 가호,,,,,,,,,,,
안전,28,볼보로스 아종,,4,,39,,6,5,7,,1,6,7,7,,파룡력,회심률,스테 회복,,50,0,50,,8,4,12,,0,5,5,,11,0,11,,52,5,57,,파워,얼음속성,X,X,X,O,,얼음 갑옷+,,그룹 2,기력충만,다홍의 수련,명경지수,뇌명무장,쇄빙의 형태,아룡점정,,얼음속성 공격력 강화,내스킬 봉인,인연 기술 강화,속성 특공-파룡,얼음속성 방어력 강화,정면승부사,위기감,둥지 수호자,,,,,,,,,,,
안전,29,안쟈나프,,4,,37,,6,7,4,,1,5,4,10,,파룡력,초기 스테,회심률,,70,10,80,,4,0,4,,0,7,7,,10,0,10,,44,5,49,,파워,불속성,X,X,X,X,,버닝 팽+,,그룹 2,기력충만,다홍의 수련,명경지수,뇌명무장,쇄빙의 형태,아룡점정,,불속성 공격력 강화,내폭파 피해,내화상,불속성 방어력 강화,KO술,존재감,인연 기술 강화,,,,,,,,,,,,
안전,30,안쟈나프 아종,,5,,37,,7,8,2,,1,5,4,10,,파룡력,회심률,스피드,,70,0,70,,4,0,4,,0,5,5,,10,3,13,,40,5,45,,파워,번개속성,X,X,X,X,,선더 램페이지+,,그룹 3,대자연의 치유,염진,격류의 강,자전일섬,무빙의 질풍,용굉격,,번개속성 공격력 강화,내마비,싱크로,속성 특공-부위,파룡력 강화,,,,,,,,,,,,,,
안전,31,디노발드,,5,,40,,6,8,6,,1,5,7,7,,파룡력,초기 스테,회심률,,50,10,60,,8,0,8,,0,7,7,,10,0,10,,40,5,45,,스피드,불속성,X,X,X,X,,플레임 차크람+,,그룹 3,대자연의 치유,염진,격류의 강,자전일섬,무빙의 질풍,용굉격,,불속성 공격력 강화,내폭파 피해,내화상,보머,자기 회복,불속성 방어력 강화,,,,,,,,,,,,,
안전,32,신멸인 디노발드,,7,,38,,7,10,1,,1,5,4,10,,파룡력,초기 스테,회심률,,70,10,80,,4,0,4,,0,7,7,,10,0,10,,36,5,41,,스피드,불속성,X,X,X,X,,혁염인+,,그룹 5,태양의 포효,왕의 심판,달의 포효,분노한 힘,백설 두르기,고룡의 위압,,불속성 공격력 강화,내폭파 피해,내화상,보머,자기 회복,불속성 방어력 강화,,,,,,,,,,,,,
안전,33,브라키디오스,,6,,40,,8,9,3,,1,5,10,4,,파룡력,스테 회복,초기 스테,,30,15,45,,12,3,15,,0,0,0,,10,0,10,,40,5,45,,파워,무속성,X,X,X,X,,점균 스톰프+,,그룹 4,자애의 덩어리,염성,절해파도,뇌정천토,빙괴 영도,대낙룡,,체력 증강,무속성 공격력 강화,추격 강화,영혼의 인연,무속성 방어력 강화,내어둠,상태 이상 강화,정령의 가호,,,,,,,,,,,
안전,34,이블조,,7,,38,,7,9,2,,1,5,4,10,,회심률,초기 스테,파룡력,,70,10,80,,4,0,4,,0,3,3,,10,0,10,,36,15,51,,파워,용속성,X,X,X,X,,드래곤 이터+,,그룹 5,태양의 포효,왕의 심판,달의 포효,분노한 힘,백설 두르기,고룡의 위압,,용속성 공격력 강화,내상태 이상,맞짱,회심(패시브),내열상,용속성 방어력 강화,내즉사,회심격-회복,,,,,,,,,,,
안전,35,가노토도스,,4,,39,,6,6,5,,1,7,10,4,,스피드,회심률,스테 회복,,30,0,30,,12,4,16,,0,5,5,,12,1,13,,48,0,48,,스피드,물속성,X,X,O,X,,러닝 가노스+,,그룹 2,기력충만,다홍의 수련,명경지수,뇌명무장,쇄빙의 형태,아룡점정,,물속성 공격력 강화,스테미나 증강,회피 본능,물속성 방어력 강화,내수면,불굴,정면승부사,내열상,,,,,,,,,,,
안전,36,가노토도스 아종,,5,,39,,7,7,3,,1,7,7,7,,스피드,회심률,스테 회복,,50,0,50,,8,4,12,,0,5,5,,12,1,13,,44,0,44,,스피드,물속성,X,X,O,X,,아공간 태클+,,그룹 3,대자연의 치유,염진,격류의 강,자전일섬,무빙의 질풍,용굉격,,물속성 공격력 강화,스테미나 증강,회피 본능,물속성 방어력 강화,내수면,불굴,정면승부사,내열상,,,,,,,,,,,
안전,37,로아루드로스,,2,,34,,4,5,4,,1,6,10,4,,파룡력,스피드,스테 회복,,30,0,30,,12,4,16,,0,0,0,,11,2,13,,52,5,57,,파워,물속성,X,X,O,X,,스플래시 어택+,,그룹 1,원형 태세,양염,물결 일으키기,충전,빙박격,용문,,물속성 공격력 강화,스테미나 증강,회피 본능,물속성 방어력 강화,내수면,불굴,정면승부사,내열상,,,,,,,,,,,
안전,38,로아루드로스 아종,,3,,35,,5,6,3,,1,6,7,7,,파룡력,스피드,스테 회복,,50,0,50,,8,4,12,,0,0,0,,11,2,13,,48,5,53,,파워,물속성,X,X,O,X,,하이 포이즈네이터+,,그룹 1,원형 태세,양염,물결 일으키기,충전,빙박격,용문,,물속성 공격력 강화,회피 본능,댄서,가속,물속성 방어력 강화,내수면,,,,,,,,,,,,,
안전,39,이소네미쿠니,,4,,38,,6,5,5,,1,7,7,7,,회심률,스피드,스테 회복,,50,0,50,,8,4,12,,0,3,3,,12,2,14,,52,0,52,,테크닉,물속성,X,X,O,X,,수면분진+,,그룹 2,기력충만,다홍의 수련,명경지수,뇌명무장,쇄빙의 형태,아룡점정,,물속성 공격력 강화,회피 본능,댄서,가속,물속성 방어력 강화,내수면,,,,,,,,,,,,,
안전,40,이소네미쿠니 아종,,5,,38,,6,6,4,,1,7,7,7,,스피드,파룡력,스테 회복,,50,0,50,,8,4,12,,0,0,0,,12,1,13,,48,10,58,,테크닉,얼음속성,X,X,O,X,,빙격의 돌진+,,그룹 3,대자연의 치유,염진,격류의 강,자전일섬,무빙의 질풍,용굉격,,얼음속성 공격력 강화,내스킬 봉인,인연 기술 강화,속성 특공-파룡,얼음속성 방어력 강화,정면승부사,위기감,둥지 수호자,,,,,,,,,,,
안전,41,라기아크루스,,5,,41,,6,7,7,,1,6,7,7,,파룡력,회심률,스피드,,50,0,50,,8,0,8,,0,5,5,,11,3,14,,44,5,49,,파워,번개속성,X,X,O,X,,와일드 팽+,,그룹 3,대자연의 치유,염진,격류의 강,자전일섬,무빙의 질풍,용굉격,,번개속성 공격력 강화,내마비,싱크로,속성 특공-부위,파룡력 강화,,,,,,,,,,,,,,
안전,42,라기아크루스 아종,,6,,41,,7,8,5,,1,6,4,10,,스테 회복,회심률,스피드,,70,0,70,,4,2,6,,0,5,5,,11,3,14,,40,0,40,,스피드,번개속성,X,X,O,X,,왕자의 위압+,,그룹 4,자애의 덩어리,염성,절해파도,뇌정천토,빙괴 영도,대낙룡,,번개속성 공격력 강화,내마비,싱크로,속성 특공-부위,파룡력 강화,,,,,,,,,,,,,,
안전,43,타마미츠네,,5,,42,,6,6,5,,6,5,7,7,,회심률,스피드,스테 회복,,50,0,50,,8,4,12,,10,3,13,,10,2,12,,44,0,44,,테크닉,물속성,X,X,O,X,,포말 수월 흔들기+,,그룹 3,대자연의 치유,염진,격류의 강,자전일섬,무빙의 질풍,용굉격,,물속성 공격력 강화,회피 본능,댄서,가속,물속성 방어력 강화,내수면,,,,,,,,,,,,,
안전,44,천안 타마미츠네,,7,,42,,7,8,2,,6,5,4,10,,스피드,회심률,스테 회복,,70,0,70,,4,4,8,,10,5,15,,10,1,11,,36,0,36,,스피드,물속성,X,X,O,X,,여우불방울+,,그룹 5,태양의 포효,왕의 심판,달의 포효,분노한 힘,백설 두르기,고룡의 위압,,물속성 공격력 강화,회피 본능,댄서,가속,물속성 방어력 강화,내수면,,,,,,,,,,,,,
안전,45,오로미도로,,5,,39,,6,7,5,,1,6,4,10,,파룡력,스피드,스테 회복,,70,0,70,,4,4,8,,0,0,0,,11,2,13,,44,5,49,,파워,물속성,X,X,O,O,,진흙탕 지옥+,,그룹 3,대자연의 치유,염진,격류의 강,자전일섬,무빙의 질풍,용굉격,,재난대처능력,물속성 공격력 강화,회피 성능,댄서,,,,,,,,,,,,,,,
안전,46,토비카가치,,3,,40,,4,6,3,,6,7,10,4,,스피드,회심률,초기 스테,,30,15,45,,12,0,12,,10,5,15,,12,1,13,,44,0,44,,스피드,번개속성,O,O,X,X,,뇌전차+,,그룹 1,원형 태세,양염,물결 일으키기,충전,빙박격,용문,,번개속성 공격력 강화,내마비,싱크로,속성 특공-부위,파룡력 강화,,,,,,,,,,,,,,
안전,47,오도가론,,5,,43,,5,7,3,,6,8,4,10,,스피드,스테 회복,초기 스테,,70,15,85,,4,3,7,,10,0,10,,13,1,14,,40,0,40,,스피드,무속성,X,O,X,X,,포식+,,그룹 3,대자연의 치유,염진,격류의 강,자전일섬,무빙의 질풍,용굉격,,체력 증강,무속성 공격력 강화,추격 강화,영혼의 인연,무속성 방어력 강화,내어둠,상태 이상 강화,정령의 가호,,,,,,,,,,,
안전,48,오도가론 아종,,6,,44,,6,9,1,,6,8,4,10,,스피드,초기 스테,파룡력,,70,10,80,,4,0,4,,10,0,10,,13,1,14,,36,15,51,,스피드,용속성,X,O,X,X,,용의 숨결+,,그룹 4,자애의 덩어리,염성,절해파도,뇌정천토,빙괴 영도,대낙룡,,용속성 공격력 강화,내상태 이상,맞짱,회심(패시브),내열상,용속성 방어력 강화,내즉사,회심격-회복,,,,,,,,,,,
안전,49,진오우거,,5,,42,,7,7,6,,1,7,7,7,,스피드,회심률,스테 회복,,50,0,50,,8,4,12,,0,5,5,,12,1,13,,44,0,44,,스피드,번개속성,X,O,X,X,,뇌신장+,,그룹 3,대자연의 치유,염진,격류의 강,자전일섬,무빙의 질풍,용굉격,,번개속성 공격력 강화,내마비,스테미나 급속 회복,회심(패시브),파룡력 강화,,,,,,,,,,,,,,
안전,50,진오우거 아종,,6,,41,,7,9,3,,1,7,4,10,,회심률,초기 스테,파룡력,,70,10,80,,4,0,4,,0,3,3,,12,0,12,,40,15,55,,테크닉,용속성,X,O,X,X,,용신장+,,그룹 4,자애의 덩어리,염성,절해파도,뇌정천토,빙괴 영도,대낙룡,,용속성 공격력 강화,내상태 이상,맞짱,회심(패시브),내열상,용속성 방어력 강화,내즉사,회심격-회복,,,,,,,,,,,
안전,51,금뢰공 진오우거,,7,,42,,8,10,2,,1,7,4,10,,파룡력,회심률,스피드,,70,0,70,,4,0,4,,0,5,5,,12,3,15,,36,5,41,,파워,번개속성,X,O,X,X,,중뇌광충탄+,,그룹 5,태양의 포효,왕의 심판,달의 포효,분노한 힘,백설 두르기,고룡의 위압,,번개속성 공격력 강화,내마비,스테미나 급속 회복,회심격-인연,회심(패시브),파룡력 강화,,,,,,,,,,,,,
안전,52,루나가론,,5,,39,,5,7,4,,1,8,4,10,,스피드,파룡력,스테 회복,,70,0,70,,4,4,8,,0,0,0,,13,1,14,,44,10,54,,스피드,얼음속성,X,O,X,X,,크레센트 스트라이크+,,그룹 3,대자연의 치유,염진,격류의 강,자전일섬,무빙의 질풍,용굉격,,얼음속성 공격력 강화,내스킬 봉인,인연 기술 강화,속성 특공-파룡,얼음속성 방어력 강화,정면승부사,위기감,둥지 수호자,,,,,,,,,,,
안전,53,마가이마가도,,6,,43,,7,8,6,,1,7,7,7,,스피드,스테 회복,초기 스테,,50,15,65,,8,3,11,,0,0,0,,12,1,13,,40,0,40,,스피드,무속성,X,O,X,X,,대귀화 원한갚기,,그룹 4,자애의 덩어리,염성,절해파도,뇌정천토,빙괴 영도,대낙룡,,체력 증강,무속성 공격력 강화,추격 강화,영혼의 인연,무속성 방어력 강화,내어둠,상태 이상 강화,정령의 가호,,,,,,,,,,,
안전,54,파오우르무,,3,,34,,5,3,6,,1,5,4,10,,회심률,스테 회복,초기 스테,,70,15,85,,4,3,7,,0,3,3,,10,0,10,,60,0,60,,테크닉,무속성,O,X,X,X,,에어 샷+,,그룹 1,원형 태세,양염,물결 일으키기,충전,빙박격,용문,,무속성 공격력 강화,추격 강화,무속성 방어력 강화,내독,내어둠,상태 이상 강화,속성 특공-부위,둥지 수호자,,,,,,,,,,,
안전,55,푸루푸루,,3,,37,,6,6,5,,1,5,10,4,,회심률,파룡력,스피드,,30,0,30,,12,0,12,,0,3,3,,10,3,13,,48,10,58,,테크닉,번개속성,O,X,X,X,,에너지 이터+,,그룹 1,원형 태세,양염,물결 일으키기,충전,빙박격,용문,,번개속성 공격력 강화,저력,내마비,동료,번개속성 방어력 강화,파룡력 강화,,,,,,,,,,,,,
안전,56,푸루푸루 아종,,4,,36,,6,7,3,,1,5,7,7,,회심률,파룡력,스피드,,50,0,50,,8,0,8,,0,3,3,,10,3,13,,44,10,54,,테크닉,번개속성,O,X,X,X,,선더 트랩+,,그룹 2,기력충만,다홍의 수련,명경지수,뇌명무장,쇄빙의 형태,아룡점정,,번개속성 공격력 강화,저력,내마비,동료,번개속성 방어력 강화,파룡력 강화,,,,,,,,,,,,,
안전,57,리오레이아,,4,,39,,5,6,6,,1,7,10,4,,스피드,초기 스테,회심률,,30,10,40,,12,0,12,,0,7,7,,12,1,13,,48,0,48,,스피드,불속성,O,X,X,X,,베놈 스파이크+,,그룹 2,기력충만,다홍의 수련,명경지수,뇌명무장,쇄빙의 형태,아룡점정,,불속성 공격력 강화,내폭파 피해,내화상,불속성 방어력 강화,KO술,존재감,인연 기술 강화,,,,,,,,,,,,
안전,58,리오레이아 아종,,5,,40,,6,7,5,,1,7,7,7,,스피드,초기 스테,회심률,,50,10,60,,8,0,8,,0,7,7,,12,1,13,,44,0,44,,스피드,불속성,O,X,X,X,,플레임 클러스터+,,그룹 3,대자연의 치유,염진,격류의 강,자전일섬,무빙의 질풍,용굉격,,불속성 공격력 강화,내폭파 피해,내화상,불속성 방어력 강화,KO술,존재감,인연 기술 강화,,,,,,,,,,,,
안전,59,자독희 리오레이아,,7,,41,,8,8,3,,1,7,4,10,,스피드,초기 스테,회심률,,70,10,80,,4,0,4,,0,7,7,,12,1,13,,40,0,40,,스피드,불속성,O,X,X,X,,퀸 베놈+,,그룹 5,태양의 포효,왕의 심판,달의 포효,분노한 힘,백설 두르기,고룡의 위압,,불속성 공격력 강화,내폭파 피해,내화상,불속성 방어력 강화,KO술,존재감,인연 기술 강화,,,,,,,,,,,,
안전,60,레이기에나,,4,,40,,6,7,5,,1,7,7,7,,스피드,파룡력,스테 회복,,50,0,50,,8,4,12,,0,0,0,,12,1,13,,44,10,54,,스피드,얼음속성,O,X,X,X,,프리즈 버스트+,,그룹 2,기력충만,다홍의 수련,명경지수,뇌명무장,쇄빙의 형태,아룡점정,,얼음속성 공격력 강화,내스킬 봉인,인연 기술 강화,속성 특공-파룡,얼음속성 방어력 강화,정면승부사,위기감,둥지 수호자,,,,,,,,,,,
안전,61,벨리오로스,,4,,45,,5,6,6,,6,8,7,7,,스피드,파룡력,스테 회복,,50,0,50,,8,4,12,,10,0,10,,13,1,14,,44,10,54,,테크닉,얼음속성,O,O,X,X,,아이스 버스트+,,그룹 2,기력충만,다홍의 수련,명경지수,뇌명무장,쇄빙의 형태,아룡점정,,얼음속성 공격력 강화,내스킬 봉인,인연 기술 강화,속성 특공-파룡,얼음속성 방어력 강화,정면승부사,위기감,둥지 수호자,,,,,,,,,,,
안전,62,벨리오로스 아종,,5,,44,,5,7,4,,6,8,7,7,,스피드,스테 회복,초기 스테,,50,15,65,,8,3,11,,10,0,10,,13,1,14,,44,0,44,,테크닉,무속성,O,O,X,X,,게일 트랩+,,그룹 3,대자연의 치유,염진,격류의 강,자전일섬,무빙의 질풍,용굉격,,체력 증강,무속성 공격력 강화,추격 강화,영혼의 인연,무속성 방어력 강화,내어둠,상태 이상 강화,정령의 가호,,,,,,,,,,,
안전,63,나르가쿠르가,,4,,46,,5,5,4,,8,10,7,7,,회심률,스테 회복,초기 스테,,50,15,65,,8,3,11,,15,3,18,,15,0,15,,44,0,44,,스피드,무속성,X,O,X,X,,킬러 테일+,,그룹 2,기력충만,다홍의 수련,명경지수,뇌명무장,쇄빙의 형태,아룡점정,,체력 증강,무속성 공격력 강화,추격 강화,무속성 방어력 강화,내어둠,상태 이상 강화,동료,번개속성 방어력 강화,내즉사,,,,,,,,,,
안전,64,나르가쿠르가 아종,,5,,46,,5,6,3,,8,10,7,7,,회심률,스테 회복,초기 스테,,50,15,65,,8,3,11,,15,3,18,,15,0,15,,40,0,40,,스피드,무속성,X,O,X,X,,어쌔신 테일+,,그룹 3,대자연의 치유,염진,격류의 강,자전일섬,무빙의 질풍,용굉격,,체력 증강,무속성 공격력 강화,추격 강화,무속성 방어력 강화,내어둠,상태 이상 강화,동료,번개속성 방어력 강화,내즉사,,,,,,,,,,
안전,65,백질풍 나르가쿠르가,,7,,48,,6,7,1,,10,10,4,10,,회심률,스테 회복,초기 스테,,70,15,85,,4,3,7,,20,3,23,,15,0,15,,32,0,32,,스피드,무속성,X,O,X,X,,진공파+,,그룹 5,태양의 포효,왕의 심판,달의 포효,분노한 힘,백설 두르기,고룡의 위압,,체력 증강,무속성 공격력 강화,추격 강화,무속성 방어력 강화,내어둠,상태 이상 강화,동료,번개속성 방어력 강화,내즉사,,,,,,,,,,
안전,66,라이젝스,,5,,45,,5,8,4,,6,8,7,7,,스피드,초기 스테,회심률,,50,10,60,,8,0,8,,10,7,17,,13,1,14,,40,0,40,,스피드,번개속성,O,X,X,X,,선더 스매시+,,그룹 3,대자연의 치유,염진,격류의 강,자전일섬,무빙의 질풍,용굉격,,번개속성 공격력 강화,내마비,싱크로,속성 특공-부위,파룡력 강화,,,,,,,,,,,,,,
안전,67,청전주 라이젝스,,7,,46,,6,9,1,,8,8,4,10,,스피드,스테 회복,회심률,,70,0,70,,4,3,7,,15,7,22,,13,1,14,,36,0,36,,테크닉,번개속성,O,X,X,X,,레이 블레이드+,,그룹 5,태양의 포효,왕의 심판,달의 포효,분노한 힘,백설 두르기,고룡의 위압,,번개속성 공격력 강화,내마비,싱크로,속성 특공-부위,파룡력 강화,,,,,,,,,,,,,,
안전,68,리오레우스,,5,,40,,7,7,5,,1,6,7,7,,파룡력,초기 스테,회심률,,50,10,60,,8,0,8,,0,7,7,,11,0,11,,40,5,45,,파워,불속성,O,X,X,X,,새비지 파이어볼+,,그룹 3,대자연의 치유,염진,격류의 강,자전일섬,무빙의 질풍,용굉격,,불속성 공격력 강화,내폭파 피해,내화상,보머,자기 회복,불속성 방어력 강화,,,,,,,,,,,,,
안전,69,리오레우스 아종,,6,,40,,7,8,4,,1,6,7,7,,파룡력,초기 스테,회심률,,50,10,60,,8,0,8,,0,7,7,,11,0,11,,40,5,45,,파워,불속성,O,X,X,X,,플레임 템페스트+,,그룹 4,자애의 덩어리,염성,절해파도,뇌정천토,빙괴 영도,대낙룡,,불속성 공격력 강화,내폭파 피해,내화상,보머,자기 회복,불속성 방어력 강화,,,,,,,,,,,,,
안전,70,흑염왕 리오레우스,,7,,40,,8,9,2,,1,6,4,10,,파룡력,초기 스테,회심률,,70,10,80,,4,0,4,,0,7,7,,11,0,11,,40,5,45,,파워,불속성,O,X,X,X,,익스플로드 블래스트+,,그룹 5,태양의 포효,왕의 심판,달의 포효,분노한 힘,백설 두르기,고룡의 위압,,불속성 공격력 강화,내폭파 피해,내화상,보머,자기 회복,불속성 방어력 강화,,,,,,,,,,,,,
안전,71,티가렉스,,5,,40,,6,7,5,,1,7,7,7,,스피드,스테 회복,초기 스테,,50,15,65,,8,3,11,,0,0,0,,12,1,13,,44,0,44,,스피드,무속성,X,O,X,X,,헤비 스피어+,,그룹 3,대자연의 치유,염진,격류의 강,자전일섬,무빙의 질풍,용굉격,,체력 증강,무속성 공격력 강화,추격 강화,영혼의 인연,무속성 방어력 강화,내어둠,상태 이상 강화,정령의 가호,,,,,,,,,,,
안전,72,티가렉스 아종,,6,,40,,6,9,3,,1,7,4,10,,파룡력,스피드,초기 스테,,70,15,85,,4,0,4,,0,0,0,,12,2,14,,40,5,45,,파워,무속성,X,O,X,X,,브레이크 피스트+,,그룹 4,자애의 덩어리,염성,절해파도,뇌정천토,빙괴 영도,대낙룡,,체력 증강,무속성 공격력 강화,추격 강화,영혼의 인연,무속성 방어력 강화,내어둠,상태 이상 강화,정령의 가호,,,,,,,,,,,
안전,73,황구조 티가렉스,,7,,40,,7,10,1,,1,7,4,10,,파룡력,스테 회복,초기 스테,,70,15,85,,4,3,7,,0,0,0,,12,0,12,,36,5,41,,파워,무속성,X,O,X,X,,헤비 램페이지+,,그룹 5,태양의 포효,왕의 심판,달의 포효,분노한 힘,백설 두르기,고룡의 위압,,체력 증강,무속성 공격력 강화,추격 강화,영혼의 인연,무속성 방어력 강화,내어둠,상태 이상 강화,정령의 가호,,,,,,,,,,,
안전,74,그라비모스,,5,,41,,8,5,10,,1,3,7,7,,파룡력,초기 스테,회심률,,50,10,60,,8,0,8,,0,7,7,,8,0,8,,52,5,57,,파워,불속성,O,X,X,O,,확산 열선+,,그룹 3,대자연의 치유,염진,격류의 강,자전일섬,무빙의 질풍,용굉격,,불속성 공격력 강화,내폭파 피해,내화상,보머,자기 회복,불속성 방어력 강화,,,,,,,,,,,,,
안전,75,그라비모스 아종,,6,,42,,10,6,8,,1,3,4,10,,파룡력,초기 스테,회심률,,70,10,80,,4,0,4,,0,7,7,,8,0,8,,48,5,53,,파워,불속성,O,X,X,O,,차지 확산 열선+,,그룹 4,자애의 덩어리,염성,절해파도,뇌정천토,빙괴 영도,대낙룡,,불속성 공격력 강화,내폭파 피해,내화상,보머,자기 회복,불속성 방어력 강화,,,,,,,,,,,,,
안전,76,디아블로스,,5,,44,,8,7,7,,1,7,10,4,,파룡력,스테 회복,초기 스테,,30,15,45,,12,3,15,,0,0,0,,12,0,12,,44,5,49,,파워,무속성,X,X,X,O,,리벤지 태클+,,그룹 3,대자연의 치유,염진,격류의 강,자전일섬,무빙의 질풍,용굉격,,체력 증강,무속성 공격력 강화,추격 강화,영혼의 인연,무속성 방어력 강화,내어둠,상태 이상 강화,정령의 가호,,,,,,,,,,,
안전,77,디아블로스 아종,,6,,43,,8,8,5,,1,7,10,4,,파룡력,스테 회복,초기 스테,,30,15,45,,12,3,15,,0,0,0,,12,0,12,,40,5,45,,파워,무속성,X,X,X,O,,데스 혼+,,그룹 4,자애의 덩어리,염성,절해파도,뇌정천토,빙괴 영도,대낙룡,,체력 증강,무속성 공격력 강화,추격 강화,영혼의 인연,무속성 방어력 강화,내어둠,상태 이상 강화,정령의 가호,,,,,,,,,,,
안전,78,오마 디아블로스,,7,,43,,9,10,2,,1,7,7,7,,파룡력,스테 회복,초기 스테,,50,15,65,,8,3,11,,0,0,0,,12,0,12,,36,5,41,,스피드,무속성,X,X,X,O,,헬 혼+,,그룹 5,태양의 포효,왕의 심판,달의 포효,분노한 힘,백설 두르기,고룡의 위압,,체력 증강,무속성 공격력 강화,추격 강화,영혼의 인연,무속성 방어력 강화,내어둠,상태 이상 강화,정령의 가호,,,,,,,,,,,
안전,79,셀레기오스,,6,,43,,6,7,3,,6,7,4,10,,회심률,스테 회복,초기 스테,,70,15,85,,4,3,7,,10,3,13,,12,0,12,,40,0,40,,테크닉,무속성,O,X,X,X,,파열 비늘+,,그룹 4,자애의 덩어리,염성,절해파도,뇌정천토,빙괴 영도,대낙룡,,체력 증강,무속성 공격력 강화,추격 강화,무속성 방어력 강화,내어둠,상태 이상 강화,동료,번개속성 방어력 강화,내즉사,,,,,,,,,,
안전,80,에스피나스,,6,,40,,7,8,3,,1,7,10,4,,파룡력,초기 스테,회심률,,30,10,40,,12,0,12,,0,7,7,,12,0,12,,40,5,45,,파워,불속성,O,X,X,X,,페르노 파이어+,,그룹 4,자애의 덩어리,염성,절해파도,뇌정천토,빙괴 영도,대낙룡,,불속성 공격력 강화,내폭파 피해,내화상,보머,자기 회복,불속성 방어력 강화,,,,,,,,,,,,,
안전,81,레 다우,,6,,40,,6,7,5,,1,7,7,7,,파룡력,회심률,스피드,,50,0,50,,8,0,8,,0,5,5,,12,3,15,,44,5,49,,스피드,번개속성,O,X,X,X,,레일 건+,,그룹 4,자애의 덩어리,염성,절해파도,뇌정천토,빙괴 영도,대낙룡,,번개속성 공격력 강화,내마비,스테미나 급속 회복,회심격-인연,회심(패시브),파룡력 강화,,,,,,,,,,,,,
안전,82,알슈베르도,,6,,42,,8,8,5,,1,6,4,10,,파룡력,초기 스테,스테 회복,,70,10,80,,4,4,8,,0,0,0,,11,0,11,,40,5,45,,테크닉,용속성,O,X,X,X,,체인 슈타르크+,,그룹 4,자애의 덩어리,염성,절해파도,뇌정천토,빙괴 영도,대낙룡,,체력 증강,영혼의 인연,모든 속성 방어력 강화,근성,파룡력 강화,,,,,,,,,,,,,,
안전,83,도스푸기,,7,,41,,5,10,1,,1,10,10,4,,파룡력,스테 회복,초기 스테,,30,15,45,,12,3,15,,0,0,0,,15,0,15,,36,5,41,,파워,무속성,X,X,X,X,,?,,X,,,,,,,,,,,,,,,,,,,,,,,,,,
안전,84,네로미에르,,7,,46,,10,7,8,,1,6,4,10,,회심률,스피드,스테 회복,,70,0,70,,4,4,8,,0,3,3,,11,2,13,,44,0,44,,테크닉,물속성,O,X,X,X,,브로 에크릭시스+,,그룹 5,태양의 포효,왕의 심판,달의 포효,분노한 힘,백설 두르기,고룡의 위압,,영혼의 인연,상태 이상 강화,스테미나 증강,근성,내상태 이상,,,,,,,,,,,,,,
안전,85,이베르카나,,7,,46,,9,8,7,,1,7,4,10,,회심률,파룡력,스테 회복,,70,0,70,,4,4,8,,0,3,3,,12,0,12,,36,10,46,,테크닉,얼음속성,O,X,X,X,,아이시클 브레스+,,그룹 5,태양의 포효,왕의 심판,달의 포효,분노한 힘,백설 두르기,고룡의 위압,,영혼의 인연,불굴,근성,속성 특공-파룡,,,,,,,,,,,,,,,
안전,86,멜 제나,,7,,46,,8,8,6,,1,9,4,10,,스피드,초기 스테,파룡력,,70,10,80,,4,0,4,,0,0,0,,14,1,15,,36,15,51,,스피드,용속성,O,X,X,X,,나이트 서번트+,,그룹 5,태양의 포효,왕의 심판,달의 포효,분노한 힘,백설 두르기,고룡의 위압,,영혼의 인연,댄서,회심격-인연,근성,회심(패시브),,,,,,,,,,,,,,
